Stop;Direction;From;To;PassIn;PassOut;BusIn;BusOut;BusInPercentage;BusOutPercentage;;24u_entry;24u_exit;7-9_entry;7-9_exit;16-18_entry;16-18_exit
P+R Uithof;0;6;7;128,1016409731;104,727497303;3,71;2,904761905;0,0979150172;0,0800524934;;0,8823529412;0;0,5;0;3,5;0
WKZ;0;6;7;128,1016409731;104,727497303;3,71;2,904761905;0,0979150172;0,0800524934;;59,7058823529;0;151,5;0;132,5;0
UMC;0;6;7;128,1016409731;104,727497303;3,71;2,904761905;0,0979150172;0,0800524934;;156,4705882353;0;39;0;598,5;0
Heidelberglaan;0;6;7;281,0639777685;0;8,14;0;0,2148324096;0;;537,5294117647;0;77,5;0;1650;0
Padualaan;0;6;7;4,322808226;0;0,57;0;0,0033041563;0;;403,2352941176;13,8823529412;49,5;51,5;1233,5;1,5
Kromme Rijn;0;6;7;42,815642805;104,727497303;1,24;0;0,032726313;0;;40,6470588235;1,8235294118;70;0,5;127;2,5
Galgenwaard;0;6;7;113,5995684101;104,727497303;3,29;0,523809524;0,0868302982;0,0144356955;;35,6470588235;15,5882352941;26;13,5;146;33,5
Vaartscherijn;0;6;7;466,8286215516;104,727497303;13,52;1,047619048;0,3568223806;0,0288713911;;74,1764705882;32;85,5;29,5;133,5;115,5
Centraal Station Centrumzijde;0;6;7;0;0;0;26;0;0,716535433;;0;1244,9411764706;0;404,5;0;3870,5
P+R Uithof;0;7;8;343,2117743348;0;134,62;6,904761905;0,262335334;0,0420289855;;0,8823529412;0;0,5;0;3,5;0
WKZ;0;7;8;343,2117743348;54,9838022214;134,62;6,904761905;0,262335334;0,0420289855;;59,7058823529;0;151,5;0;132,5;0
UMC;0;7;8;343,2117743348;54,9838022214;134,62;6,904761905;0,262335334;0,0420289855;;156,4705882353;0;39;0;598,5;0
Heidelberglaan;0;7;8;86,8099904628;0;34,05;0;0,0663535739;0;;537,5294117647;0;77,5;0;1650;0
Padualaan;0;7;8;8,5645331516;1,4003053689;4,86;0,19047619;0,0065463362;0,0010703773;;403,2352941176;13,8823529412;49,5;51,5;1233,5;1,5
Kromme Rijn;0;7;8;17,0050700848;58,3965899408;6,67;7,333333333;0,0129978954;0,0446376812;;40,6470588235;1,8235294118;70;0,5;127;2,5
Galgenwaard;0;7;8;19,4270815661;59,1549872188;7,62;7,428571429;0,0148491698;0,0452173913;;35,6470588235;15,5882352941;26;13,5;146;33,5
Vaartscherijn;0;7;8;143,0261516876;156,9882352683;56,1;19,71428571;0,1093226284;0,12;;74,1764705882;32;85,5;29,5;133,5;115,5
Centraal Station Centrumzijde;0;7;8;0;867,2272804855;0;108,9047619;0;0,6628985507;;0;1244,9411764706;0;404,5;0;3870,5
P+R Uithof;0;8;9;363,5753952351;69,2481611101;229,24;13,66666667;0,2779003516;0,0529324973;;0,8823529412;0;0,5;0;3,5;0
WKZ;0;8;9;363,5753952351;69,2481611101;229,24;13,66666667;0,2779003516;0,0529324973;;59,7058823529;0;151,5;0;132,5;0
UMC;0;8;9;363,5753952351;69,2481611101;229,24;13,66666667;0,2779003516;0,0529324973;;156,4705882353;0;39;0;598,5;0
Heidelberglaan;0;8;9;69,5621044975;1,2064139558;43,86;0,238095238;0,0531700812;0,0009221689;;537,5294117647;0;77,5;0;1650;0
Padualaan;0;8;9;14,5729671066;29,3855469362;10,33;6,047619048;0,0111389075;0,0224619738;;403,2352941176;13,8823529412;49,5;51,5;1233,5;1,5
Kromme Rijn;0;8;9;8,7547381857;99,1672272029;5,52;19,57142857;0,0066917202;0,075802287;;40,6470588235;1,8235294118;70;0,5;127;2,5
Galgenwaard;0;8;9;21,4427645419;53,3234968504;13,52;10,52380952;0,0163898654;0,0407598672;;35,6470588235;15,5882352941;26;13,5;146;33,5
Vaartscherijn;0;8;9;101,4249106844;159,4879250458;63,95;31,47619048;0,0775245484;0,1219107341;;74,1764705882;32;85,5;29,5;133,5;115,5
Centraal Station Centrumzijde;0;8;9;0;756,6628332398;0;149,3333333;0;0,5783843599;;0;1244,9411764706;0;404,5;0;3870,5
P+R Uithof;0;9;10;328,9109760726;80,5281475937;102,48;11,04761905;0,2514044599;0,0615547891;;0,8823529412;0;0,5;0;3,5;0
WKZ;0;9;10;328,9109760726;80,5281475937;102,48;11,04761905;0,2514044599;0,0615547891;;59,7058823529;0;151,5;0;132,5;0
UMC;0;9;10;328,9109760726;80,5281475937;102,48;11,04761905;0,2514044599;0,0615547891;;156,4705882353;0;39;0;598,5;0
Heidelberglaan;0;9;10;125,1710389035;3,1239367626;39;0,428571429;0,0956749994;0,0023879013;;537,5294117647;0;77,5;0;1650;0
Padualaan;0;9;10;25,2925849793;33,811250142;11,33;4,952380952;0,0193324916;0,0258449304;;403,2352941176;13,8823529412;49,5;51,5;1233,5;1,5
Kromme Rijn;0;9;10;18,6472752828;72,89185772;5,81;10;0,0142531217;0,055717697;;40,6470588235;1,8235294118;70;0,5;127;2,5
Galgenwaard;0;9;10;20,1878419155;35,4046166058;6,29;4,857142857;0,0154306602;0,0270628814;;35,6470588235;15,5882352941;26;13,5;146;33,5
Vaartscherijn;0;9;10;121,1912417691;123,916158124;37,76;17;0,092633025;0,0947200849;;74,1764705882;32;85,5;29,5;133,5;115,5
Centraal Station Centrumzijde;0;9;10;0;795,2154573513;0;109,0952381;0;0,607853542;;0;1244,9411764706;0;404,5;0;3870,5
P+R Uithof;0;10;11;258,5549469594;33,724221586;178,43;12,14285714;0,1976275392;0,0257784068;;0,8823529412;0;0,5;0;3,5;0
WKZ;0;10;11;258,5549469594;33,724221586;178,43;12,14285714;0,1976275392;0,0257784068;;59,7058823529;0;151,5;0;132,5;0
UMC;0;10;11;258,5549469594;33,724221586;178,43;12,14285714;0,1976275392;0,0257784068;;156,4705882353;0;39;0;598,5;0
Heidelberglaan;0;10;11;261,2501899194;1,1902666457;180,29;0,428571429;0,1996876592;0,0009098261;;537,5294117647;0;77,5;0;1650;0
Padualaan;0;10;11;108,8192815162;10,9707971599;90,14;4,047619048;0,0831764662;0,0083859511;;403,2352941176;13,8823529412;49,5;51,5;1233,5;1,5
Kromme Rijn;0;10;11;44,0223016792;69,1677172168;30,38;24,9047619;0,0336486277;0,0528710069;;40,6470588235;1,8235294118;70;0,5;127;2,5
Galgenwaard;0;10;11;19,11304013;24,4665921381;13,19;8,80952381;0,014609131;0,0187019814;;35,6470588235;15,5882352941;26;13,5;146;33,5
Vaartscherijn;0;10;11;77,6258953574;78,9543540887;53,57;28,42857143;0,059333673;0,0603517994;;74,1764705882;32;85,5;29,5;133,5;115,5
Centraal Station Centrumzijde;0;10;11;0;1022,0422920713;0;368;0;0,7812373635;;0;1244,9411764706;0;404,5;0;3870,5
P+R Uithof;0;11;12;243,5845934915;28,9479832929;180,86;11,61904762;0,1861848878;0,0221275052;;0,8823529412;0;0,5;0;3,5;0
WKZ;0;11;12;243,5845934915;28,9479832929;180,86;11,61904762;0,1861848878;0,0221275052;;59,7058823529;0;151,5;0;132,5;0
UMC;0;11;12;243,5845934915;28,9479832929;180,86;11,61904762;0,1861848878;0,0221275052;;156,4705882353;0;39;0;598,5;0
Heidelberglaan;0;11;12;249,9954232218;1,1863927573;185,62;0,476190476;0,1910850319;0,000906865;;537,5294117647;0;77,5;0;1650;0
Padualaan;0;11;12;101,637147813;10,8826652774;104,62;4,476190476;0,0776867728;0,0083185841;;403,2352941176;13,8823529412;49,5;51,5;1233,5;1,5
Kromme Rijn;0;11;12;40,5390703533;18,1518091952;30,1;7,285714286;0,0309862055;0,013875034;;40,6470588235;1,8235294118;70;0,5;127;2,5
Galgenwaard;0;11;12;25,6567870508;24,914247914;19,05;10;0,0196108709;0,0190441643;;35,6470588235;15,5882352941;26;13,5;146;33,5
Vaartscherijn;0;11;12;120,4454837772;70,5903690813;89,43;28,33333333;0,0920630019;0,0539584656;;74,1764705882;32;85,5;29,5;133,5;115,5
Centraal Station Centrumzijde;0;11;12;0;1095,3964333681;0;439,6666667;0;0,8373084248;;0;1244,9411764706;0;404,5;0;3870,5
P+R Uithof;0;12;13;241,5372616734;16,3111177975;375,29;13;0,1846200013;0,0124680307;;0,8823529412;0;0,5;0;3,5;0
WKZ;0;12;13;241,5372616734;16,3111177975;375,29;13;0,1846200013;0,0124680307;;59,7058823529;0;151,5;0;132,5;0
UMC;0;12;13;241,5372616734;16,3111177975;375,29;13;0,1846200013;0,0124680307;;156,4705882353;0;39;0;598,5;0
Heidelberglaan;0;12;13;291,0302282397;1,3741967372;452,19;1,095238095;0,2224501542;0,0010504202;;537,5294117647;0;77,5;0;1650;0
Padualaan;0;12;13;146,1774053234;4,6075022772;253,62;3,714285714;0,1117313021;0,0035219217;;403,2352941176;13,8823529412;49,5;51,5;1233,5;1,5
Kromme Rijn;0;12;13;28,4085766481;17,147585381;44,14;13,66666667;0,0217142126;0,0131074169;;40,6470588235;1,8235294118;70;0,5;127;2,5
Galgenwaard;0;12;13;17,711917294;27,0657009588;27,52;21,57142857;0,013538177;0,0206887103;;35,6470588235;15,5882352941;26;13,5;146;33,5
Vaartscherijn;0;12;13;83,3013610232;82,3323088836;129,43;65,61904762;0,0636717386;0,0629338692;;74,1764705882;32;85,5;29,5;133,5;115,5
Centraal Station Centrumzijde;0;12;13;0;1126,7218293942;0;898;0;0,8612531969;;0;1244,9411764706;0;404,5;0;3870,5
P+R Uithof;0;13;14;218,6914884883;19,1177840443;237,14;11,95238095;0,1671577404;0,0146134141;;0,8823529412;0;0,5;0;3,5;0
WKZ;0;13;14;218,6914884883;19,1177840443;237,14;11,95238095;0,1671577404;0,0146134141;;59,7058823529;0;151,5;0;132,5;0
UMC;0;13;14;218,6914884883;19,1177840443;237,14;11,95238095;0,1671577404;0,0146134141;;156,4705882353;0;39;0;598,5;0
Heidelberglaan;0;13;14;263,0956175712;1,5233294056;285,29;0,952380952;0,2010982194;0,0011644155;;537,5294117647;0;77,5;0;1650;0
Padualaan;0;13;14;160,5617485165;4,1212521434;225,19;2,619047619;0,1227260341;0,0031502377;;403,2352941176;13,8823529412;49,5;51,5;1233,5;1,5
Kromme Rijn;0;13;14;33,5497864182;8,454478205;36,38;5,285714286;0,0256439175;0,0064625058;;40,6470588235;1,8235294118;70;0,5;127;2,5
Galgenwaard;0;13;14;24,7242928497;27,5722622557;26,81;17,23809524;0,0188981151;0,0210759199;;35,6470588235;15,5882352941;26;13,5;146;33,5
Vaartscherijn;0;13;14;123,1788062637;75,6333050259;133,57;47,28571429;0,0941522282;0,0578132278;;74,1764705882;32;85,5;29,5;133,5;115,5
Centraal Station Centrumzijde;0;13;14;0;1133,5094112254;0;708,6666667;0;0,8664415464;;0;1244,9411764706;0;404,5;0;3870,5
P+R Uithof;0;14;15;242,6032973798;15,0991267699;416,24;13,47619048;0,1854348301;0,0115415987;;0,8823529412;0;0,5;0;3,5;0
WKZ;0;14;15;242,6032973798;15,0991267699;416,24;13,47619048;0,1854348301;0,0115415987;;59,7058823529;0;151,5;0;132,5;0
UMC;0;14;15;242,6032973798;15,0991267699;416,24;13,47619048;0,1854348301;0,0115415987;;156,4705882353;0;39;0;598,5;0
Heidelberglaan;0;14;15;264,582372779;1,0670760961;453,95;0,952380952;0,2022346269;0,0008156607;;537,5294117647;0;77,5;0;1650;0
Padualaan;0;14;15;139,7551375225;4,0608771133;306,81;3,666666667;0,1068224153;0,0031040877;;403,2352941176;13,8823529412;49,5;51,5;1233,5;1,5
Kromme Rijn;0;14;15;15,9291469282;20,1143844165;27,33;17,95238095;0,0121755091;0,0153752039;;40,6470588235;1,8235294118;70;0,5;127;2,5
Galgenwaard;0;14;15;20,9824108824;27,5839170958;36;24,61904762;0,0160379922;0,0210848287;;35,6470588235;15,5882352941;26;13,5;146;33,5
Vaartscherijn;0;14;15;100,1676981734;74,8553881706;171,86;66,80952381;0,0765635929;0,0572185971;;74,1764705882;32;85,5;29,5;133,5;115,5
Centraal Station Centrumzijde;0;14;15;0;1135,2089050571;0;1013,190476;0;0,8677406199;;0;1244,9411764706;0;404,5;0;3870,5
P+R Uithof;0;15;16;264,3959886056;11,9378244548;627,48;13,61904762;0,2020921634;0,0091251356;;0,8823529412;0;0,5;0;3,5;0
WKZ;0;15;16;264,3959886056;11,9378244548;627,48;13,61904762;0,2020921634;0,0091251356;;59,7058823529;0;151,5;0;132,5;0
UMC;0;15;16;264,3959886056;11,9378244548;627,48;13,61904762;0,2020921634;0,0091251356;;156,4705882353;0;39;0;598,5;0
Heidelberglaan;0;15;16;233,5354636399;1,544403863;554,24;1,761904762;0,178503794;0,0011805245;;537,5294117647;0;77,5;0;1650;0
Padualaan;0;15;16;129,8886178251;1,7785613723;382,71;2,047619048;0,0992809003;0,0013595118;;403,2352941176;13,8823529412;49,5;51,5;1233,5;1,5
Kromme Rijn;0;15;16;27,5107000957;6,5950219013;65,29;7,523809524;0,021027917;0,0050411588;;40,6470588235;1,8235294118;70;0,5;127;2,5
Galgenwaard;0;15;16;31,8844336995;19,9102876345;75,67;22,71428571;0,0243709983;0,0152191947;;35,6470588235;15,5882352941;26;13,5;146;33,5
Vaartscherijn;0;15;16;60,9162492393;86,6953195442;144,57;98,9047619;0,0465615861;0,0662689043;;74,1764705882;32;85,5;29,5;133,5;115,5
Centraal Station Centrumzijde;0;15;16;0;1155,8819400774;0;1318,666667;0;0,8835428499;;0;1244,9411764706;0;404,5;0;3870,5
P+R Uithof;0;16;17;281,9660978495;10,8515470946;749,9;13,66666667;0,2155219488;0,0082947977;;0,8823529412;0;0,5;0;3,5;0
WKZ;0;16;17;281,9660978495;10,8515470946;749,9;13,66666667;0,2155219488;0,0082947977;;59,7058823529;0;151,5;0;132,5;0
UMC;0;16;17;281,9660978495;10,8515470946;749,9;13,66666667;0,2155219488;0,0082947977;;156,4705882353;0;39;0;598,5;0
Heidelberglaan;0;16;17;214,5183333046;2,1929955796;570,52;2,761904762;0,163967972;0,0016763006;;537,5294117647;0;77,5;0;1650;0
Padualaan;0;16;17;122,4603207206;2,5525809874;381,19;3,238095238;0,0936030508;0,0019511635;;403,2352941176;13,8823529412;49,5;51,5;1233,5;1,5
Kromme Rijn;0;16;17;18,4618421182;5,1800068001;49,1;6,523809524;0,0141113851;0,0039595376;;40,6470588235;1,8235294118;70;0,5;127;2,5
Galgenwaard;0;16;17;32,836510635;18,7538932328;87,33;23,61904762;0,0250987222;0,0143352601;;35,6470588235;15,5882352941;26;13,5;146;33,5
Vaartscherijn;0;16;17;53,2498183457;90,2153008955;141,62;113,6190476;0,0407017181;0,0689595376;;74,1764705882;32;85,5;29,5;133,5;115,5
Centraal Station Centrumzijde;0;16;17;0;1156,7673580602;0;1456,857143;0;0,8842196532;;0;1244,9411764706;0;404,5;0;3870,5
P+R Uithof;0;17;18;283,5022939783;12,2410832675;592,95;11,95238095;0,2166961466;0,0093569431;;0,8823529412;0;0,5;0;3,5;0
WKZ;0;17;18;283,5022939783;12,2410832675;592,95;11,95238095;0,2166961466;0,0093569431;;59,7058823529;0;151,5;0;132,5;0
UMC;0;17;18;283,5022939783;12,2410832675;592,95;11,95238095;0,2166961466;0,0093569431;;156,4705882353;0;39;0;598,5;0
Heidelberglaan;0;17;18;226,9930838842;1,121692889;474,76;1,095238095;0,1735030991;0,0008574091;;537,5294117647;0;77,5;0;1650;0
Padualaan;0;17;18;129,019246961;2,6661086836;297,43;2,619047619;0,0986163931;0,0020379428;;403,2352941176;13,8823529412;49,5;51,5;1233,5;1,5
Kromme Rijn;0;17;18;19,1009640685;5,9010799828;39,95;5,761904762;0,0145999006;0,0045107176;;40,6470588235;1,8235294118;70;0,5;127;2,5
Galgenwaard;0;17;18;32,4644670902;16,9717011059;67,9;16,57142857;0,0248143492;0,012972973;;35,6470588235;15,5882352941;26;13,5;146;33,5
Vaartscherijn;0;17;18;37,0209674049;87,9797379195;77,43;85,9047619;0,028297129;0,0672506989;;74,1764705882;32;85,5;29,5;133,5;115,5
Centraal Station Centrumzijde;0;17;18;0;1156,8555233348;0;1129,571429;0;0,8842870457;;0;1244,9411764706;0;404,5;0;3870,5
P+R Uithof;0;18;19;287,2957390752;19,4919883855;279,71;7,761904762;0,219595682;0,0148994516;;0,8823529412;0;0,5;0;3,5;0
WKZ;0;18;19;287,2957390752;19,4919883855;279,71;7,761904762;0,219595682;0,0148994516;;59,7058823529;0;151,5;0;132,5;0
UMC;0;18;19;287,2957390752;19,4919883855;279,71;7,761904762;0,219595682;0,0148994516;;156,4705882353;0;39;0;598,5;0
Heidelberglaan;0;18;19;213,4971660798;1,6741585125;207,86;0,666666667;0,1631874387;0,0012797075;;537,5294117647;0;77,5;0;1650;0
Padualaan;0;18;19;127,3468178528;2,2549642197;129,19;0,904761905;0,097338065;0,0017236687;;403,2352941176;13,8823529412;49,5;51,5;1233,5;1,5
Kromme Rijn;0;18;19;15,2116474052;11,3603613293;14,81;4,523809524;0,0116270854;0,0086837294;;40,6470588235;1,8235294118;70;0,5;127;2,5
Galgenwaard;0;18;19;32,6726876407;20,3290676405;31,81;8,095238095;0,0249735034;0,0155393053;;35,6470588235;15,5882352941;26;13,5;146;33,5
Vaartscherijn;0;18;19;52,3317647059;116,2344338176;50,95;46,28571429;0,04;0,0888482633;;74,1764705882;32;85,5;29,5;133,5;115,5
Centraal Station Centrumzijde;0;18;19;0;1097,8892353948;0;437,1904762;0;0,839213894;;0;1244,9411764706;0;404,5;0;3870,5
P+R Uithof;0;19;20;184,7914043044;20,998555286;53,48;3,952380952;0,1412460714;0,016051054;;0,8823529412;0;0,5;0;3,5;0
WKZ;0;19;20;184,7914043044;20,998555286;53,48;3,952380952;0,1412460714;0,016051054;;59,7058823529;0;151,5;0;132,5;0
UMC;0;19;20;184,7914043044;20,998555286;53,48;3,952380952;0,1412460714;0,016051054;;156,4705882353;0;39;0;598,5;0
Heidelberglaan;0;19;20;382,5403210646;0,7589839268;110,71;0,142857143;0,2923962708;0,0005801586;;537,5294117647;0;77,5;0;1650;0
Padualaan;0;19;20;183,8205427472;0,7468517385;60,05;0,142857143;0,1405039893;0,0005708849;;403,2352941176;13,8823529412;49,5;51,5;1233,5;1,5
Kromme Rijn;0;19;20;26,5024321431;8,3488231845;7,67;1,571428571;0,0202572432;0,0063817443;;40,6470588235;1,8235294118;70;0,5;127;2,5
Galgenwaard;0;19;20;46,8889184071;25,046469559;13,57;4,714285714;0,035839738;0,019145233;;35,6470588235;15,5882352941;26;13,5;146;33,5
Vaartscherijn;0;19;20;90,495266992;127,2563049259;26,19;23,95238095;0,0691704302;0,0972732547;;74,1764705882;32;85,5;29,5;133,5;115,5
Centraal Station Centrumzijde;0;19;20;0;1083,0700627365;0;203,8571429;0;0,827886289;;0;1244,9411764706;0;404,5;0;3870,5
P+R Uithof;0;20;21;230,6222521835;33,3106288974;48,76;4;0,1762770688;0,0254622613;;0,8823529412;0;0,5;0;3,5;0
WKZ;0;20;21;230,6222521835;33,3106288974;48,76;4;0,1762770688;0,0254622613;;59,7058823529;0;151,5;0;132,5;0
UMC;0;20;21;230,6222521835;33,3106288974;48,76;4;0,1762770688;0,0254622613;;156,4705882353;0;39;0;598,5;0
Heidelberglaan;0;20;21;213,5005837482;0,3965551091;45,14;0,047619048;0,163190051;0,0003031222;;537,5294117647;0;77,5;0;1650;0
Padualaan;0;20;21;209,3877768142;1,1673723638;46,9;0,142857143;0,16004641;0,000892326;;403,2352941176;13,8823529412;49,5;51,5;1233,5;1,5
Kromme Rijn;0;20;21;22,08789823;3,9655510576;4,67;0,476190476;0,016882976;0,0030312216;;40,6470588235;1,8235294118;70;0,5;127;2,5
Galgenwaard;0;20;21;42,8041710882;16,6553144487;9,05;2;0,0327175446;0,0127311306;;35,6470588235;15,5882352941;26;13,5;146;33,5
Vaartscherijn;0;20;21;116,2097771975;118,1734215607;24,57;14,19047619;0,0888254221;0,0903304032;;74,1764705882;32;85,5;29,5;133,5;115,5
Centraal Station Centrumzijde;0;20;21;0;1067,9228999302;0;128,2380952;0;0,8163079721;;0;1244,9411764706;0;404,5;0;3870,5
P+R Uithof;0;21;22;188,3897664587;49,5603268364;16,43;3;0,1439964943;0,0378833434;;0,8823529412;0;0,5;0;3,5;0
WKZ;0;21;22;188,3897664587;49,5603268364;16,43;3;0,1439964943;0,0378833434;;59,7058823529;0;151,5;0;132,5;0
UMC;0;21;22;188,3897664587;49,5603268364;16,43;3;0,1439964943;0,0378833434;;156,4705882353;0;39;0;598,5;0
Heidelberglaan;0;21;22;222,7883848018;0,7866718608;19,43;0,047619048;0,17028922;0,0006013229;;537,5294117647;0;77,5;0;1650;0
Padualaan;0;21;22;133,6083788617;0,7866718608;24,52;0,047619048;0,102124115;0,0006013229;;403,2352941176;13,8823529412;49,5;51,5;1233,5;1,5
Kromme Rijn;0;21;22;21,3271433727;3,1466874103;1,86;0,19047619;0,0163014899;0,0024052916;;40,6470588235;1,8235294118;70;0,5;127;2,5
Galgenwaard;0;21;22;56,1844099603;22,8134837826;4,9;1,380952381;0,0429447853;0,0174383644;;35,6470588235;15,5882352941;26;13,5;146;33,5
Vaartscherijn;0;21;22;161,6735062123;91,2539351304;14,1;5,523809524;0,1235758107;0,0697534576;;74,1764705882;32;85,5;29,5;133,5;115,5
Centraal Station Centrumzijde;0;21;22;0;1040,7668635636;0;63;0;0,7955502105;;0;1244,9411764706;0;404,5;0;3870,5
Centraal Station Centrumzijde;1;6;7;1151,3430958486;0;126;0;0,8599285018;0;;1176,1176470588;0;4061,5;0;1066;0
Vaartscherijn;1;6;7;154,9048155951;31,361388004;16,95238095;22;0,1156971076;0,0234256161;;137,4705882353;102,0588235294;478;147;161;147,5
Galgenwaard;1;6;7;19,1455390066;41,3400114598;2,095238095;29;0,0142996425;0,0308792212;;21,1176470588;75,7647058824;90;152,5;13;114
Kromme Rijn;1;6;7;13,0537766008;14,1194127814;1,428571429;9,904761905;0,0097497563;0,0105465977;;2,7647058824;61,1176470588;12,5;116;2;146,5
Padualaan;1;6;7;0,0850408005;18,7353746477;0,047619048;13,14285714;6,35162606700782E-05;0,0139945239;;0,5882352941;568,9411764706;0;2275,5;4,5;359
Heidelberglaan;1;6;7;0;31,2935062084;0;21,95238095;0;0,0233749113;;0,4705882353;340,5294117647;0;1265,5;3,5;250,5
UMC;1;6;7;0;400,6383375937;0;281,047619;0;0,29925971;;0,3529411765;151,5882352941;0;549;2,5;161
WKZ;1;6;7;0;400,6383375937;0;281,047619;0;0,29925971;;0;37,8823529412;0;133,5;0;73,5
P+R Uithof;1;6;7;0;400,6383375937;0;281,047619;0;0,29925971;;0;0,8823529412;0;3,5;0;0,5
Centraal Station Centrumzijde;1;7;8;1041,2981374357;0;603,1904762;0;0,7777368453;0;;1176,1176470588;0;4061,5;0;1066;0
Vaartscherijn;1;7;8;275,1420909733;36,6416323445;159,3809524;83,66666667;0,2055013201;0,0273697328;;137,4705882353;102,0588235294;478;147;161;147,5
Galgenwaard;1;7;8;17,838611806;38,6019700995;10,33333333;88,14285714;0,0133235095;0,0288340213;;21,1176470588;75,7647058824;90;152,5;13;114
Kromme Rijn;1;7;8;3,4526345442;9,5722875627;2;21,85714286;0,0025787438;0,0071500896;;2,7647058824;61,1176470588;12,5;116;2;146,5
Padualaan;1;7;8;0,2024204333;72,3030958093;0,523809524;165,0952381;0,0001511861;0,0540073214;;0,5882352941;568,9411764706;0;2275,5;4,5;359
Heidelberglaan;1;7;8;0,2466167534;98,2254344603;0,142857143;224,2857143;0,000184196;0,0733702002;;0,4705882353;340,5294117647;0;1265,5;3,5;250,5
UMC;1;7;8;0;361,140095202;0;824,6190476;0;0,2697562115;;0,3529411765;151,5882352941;0;549;2,5;161
WKZ;1;7;8;0;361,140095202;0;824,6190476;0;0,2697562115;;0;37,8823529412;0;133,5;0;73,5
P+R Uithof;1;7;8;0;361,140095202;0;824,6190476;0;0,2697562115;;0;0,8823529412;0;3,5;0;0,5
Centraal Station Centrumzijde;1;8;9;1244,7404654521;0;2689,095238;0;0,9296862138;0;;1176,1176470588;0;4061,5;0;1066;0
Vaartscherijn;1;8;9;76,9269930554;97,5414353789;166,1904762;382,2857143;0,0574561259;0,0728592821;;137,4705882353;102,0588235294;478;147;161;147,5
Galgenwaard;1;8;9;12,497881106;26,6209871498;27;104,3333333;0,0093345626;0,0198847393;;21,1176470588;75,7647058824;90;152,5;13;114
Kromme Rijn;1;8;9;3,063854451;21,7852259125;6,619047619;85,38095238;0,0022883672;0,0162726324;;2,7647058824;61,1176470588;12,5;116;2;146,5
Padualaan;1;8;9;0,6794031223;192,3976867302;2,047619048;754,047619;0,0005074405;0,1437128465;;0,5882352941;568,9411764706;0;2275,5;4,5;359
Heidelberglaan;1;8;9;0,7053477874;215,3128769772;1,523809524;843,8571429;0,0005268183;0,160829514;;0,4705882353;340,5294117647;0;1265,5;3,5;250,5
UMC;1;8;9;0;261,7021645779;0;1025,666667;0;0,1954803286;;0,3529411765;151,5882352941;0;549;2,5;161
WKZ;1;8;9;0;261,7021645779;0;1025,666667;0;0,1954803286;;0;37,8823529412;0;133,5;0;73,5
P+R Uithof;1;8;9;0;261,7021645779;0;1025,666667;0;0,1954803286;;0;0,8823529412;0;3,5;0;0,5
Centraal Station Centrumzijde;1;9;10;1264,0815133191;0;1142,714286;0;0,9441318803;0;;1176,1176470588;0;4061,5;0;1066;0
Vaartscherijn;1;9;10;56,8907794341;127,3897828447;51,42857143;238,0952381;0,042491246;0,0951547216;;137,4705882353;102,0588235294;478;147;161;147,5
Galgenwaard;1;9;10;13,2218385507;27,567149005;11,95238095;51,52380952;0,0098752803;0,0205914817;;21,1176470588;75,7647058824;90;152,5;13;114
Kromme Rijn;1;9;10;3,0025689142;16,1275465063;2,714285714;30,14285714;0,0022425935;0,0120465878;;2,7647058824;61,1176470588;12,5;116;2;146,5
Padualaan;1;9;10;0,5202978092;182,2693013084;0,952380952;340,6666667;0,0003886061;0,1361473756;;0,5882352941;568,9411764706;0;2275,5;4,5;359
Heidelberglaan;1;9;10;0,632119771;182,8552943121;0,571428571;341,7619048;0,000472125;0,1365850874;;0,4705882353;340,5294117647;0;1265,5;3,5;250,5
UMC;1;9;10;0;267,5185439686;0;500;0;0,1998249153;;0,3529411765;151,5882352941;0;549;2,5;161
WKZ;1;9;10;0;267,5185439686;0;500;0;0,1998249153;;0;37,8823529412;0;133,5;0;73,5
P+R Uithof;1;9;10;0;267,5185439686;0;500;0;0,1998249153;;0;0,8823529412;0;3,5;0;0,5
Centraal Station Centrumzijde;1;10;11;1232,7788487735;0;1240,428571;0;0,9207521826;0;;1176,1176470588;0;4061,5;0;1066;0
Vaartscherijn;1;10;11;74,7741019534;95,2218434218;75,23809524;166,6666667;0,0558481496;0,0711266461;;137,4705882353;102,0588235294;478;147;161;147,5
Galgenwaard;1;10;11;20,349913826;15,0450512557;20,47619048;26,33333333;0,01519918;0,0112380101;;21,1176470588;75,7647058824;90;152,5;13;114
Kromme Rijn;1;10;11;7,950664005;36,2931254548;8;63,52380952;0,0059382843;0,0271094131;;2,7647058824;61,1176470588;12,5;116;2;146,5
Padualaan;1;10;11;1,464078051;251,1952229156;2,047619048;439,6666667;0,0010935076;0,1876320923;;0,5882352941;568,9411764706;0;2275,5;4,5;359
Heidelberglaan;1;10;11;0,9938330006;277,9389577859;1;486,4761905;0,0007422855;0,2076085189;;0,4705882353;340,5294117647;0;1265,5;3,5;250,5
UMC;1;10;11;0;221,0235016828;0;386,8571429;0;0,1650951065;;0,3529411765;151,5882352941;0;549;2,5;161
WKZ;1;10;11;0;221,0235016828;0;386,8571429;0;0,1650951065;;0;37,8823529412;0;133,5;0;73,5
P+R Uithof;1;10;11;0;221,0235016828;0;386,8571429;0;0,1650951065;;0;0,8823529412;0;3,5;0;0,5
Centraal Station Centrumzijde;1;11;12;1213,3861922099;0;525,3333333;0;0,9062679701;0;;1176,1176470588;0;4061,5;0;1066;0
Vaartscherijn;1;11;12;79,3012549451;177,7500837969;34,33333333;106,5714286;0,0592294422;0,1327717134;;137,4705882353;102,0588235294;478;147;161;147,5
Galgenwaard;1;11;12;34,4262035954;27,2423050552;14,9047619;16,33333333;0,0257126427;0,0203488372;;21,1176470588;75,7647058824;90;152,5;13;114
Kromme Rijn;1;11;12;8,24909032;21,285532814;3,571428571;12,76190476;0,0061611764;0,015899383;;2,7647058824;61,1176470588;12,5;116;2;146,5
Padualaan;1;11;12;0,9825457582;337,1533089167;1,142857143;202,1428571;0,0007338552;0,2518391077;;0,5882352941;568,9411764706;0;2275,5;4,5;359
Heidelberglaan;1;11;12;0,8799029677;335,008871052;0,380952381;200,8571429;0,0006571921;0,2502373043;;0,4705882353;340,5294117647;0;1265,5;3,5;250,5
UMC;1;11;12;0;146,7748680825;0;88;0;0,1096345515;;0,3529411765;151,5882352941;0;549;2,5;161
WKZ;1;11;12;0;146,7748680825;0;88;0;0,1096345515;;0;37,8823529412;0;133,5;0;73,5
P+R Uithof;1;11;12;0;146,7748680825;0;88;0;0,1096345515;;0;0,8823529412;0;3,5;0;0,5
Centraal Station Centrumzijde;1;12;13;1226,6217576282;0;977,6666667;0;0,9161535029;0;;1176,1176470588;0;4061,5;0;1066;0
Vaartscherijn;1;12;13;63,8075124045;89,4941579606;50,85714286;118;0,0476572959;0,0668483099;;137,4705882353;102,0588235294;478;147;161;147,5
Galgenwaard;1;12;13;28,4982990725;22,2832507909;22,71428571;29,38095238;0,0212851406;0,0166446357;;21,1176470588;75,7647058824;90;152,5;13;114
Kromme Rijn;1;12;13;14,6972359971;46,697314867;11,71428571;61,57142857;0,0109772423;0,0348808978;;2,7647058824;61,1176470588;12,5;116;2;146,5
Padualaan;1;12;13;3,0522600583;263,8596925145;3,428571429;347,9047619;0,0022797074;0,1970919097;;0,5882352941;568,9411764706;0;2275,5;4,5;359
Heidelberglaan;1;12;13;0,9559177889;317,4911794171;0,761904762;418,6190476;0,000713967;0,2371523375;;0,4705882353;340,5294117647;0;1265,5;3,5;250,5
UMC;1;12;13;0;199,6463701108;0;263,2380952;0;0,1491273031;;0,3529411765;151,5882352941;0;549;2,5;161
WKZ;1;12;13;0;199,6463701108;0;263,2380952;0;0,1491273031;;0;37,8823529412;0;133,5;0;73,5
P+R Uithof;1;12;13;0;199,6463701108;0;263,2380952;0;0,1491273031;;0;0,8823529412;0;3,5;0;0,5
Centraal Station Centrumzijde;1;13;14;1208,3400062541;0;436,8095238;0;0,9024990161;0;;1176,1176470588;0;4061,5;0;1066;0
Vaartscherijn;1;13;14;70,0792416065;104,8133849517;25,33333333;76,0952381;0,0523415978;0,0782911175;;137,4705882353;102,0588235294;478;147;161;147,5
Galgenwaard;1;13;14;42,6798388827;42,5025490931;15,42857143;30,85714286;0,0318772137;0,0317475871;;21,1176470588;75,7647058824;90;152,5;13;114
Kromme Rijn;1;13;14;10,8016876181;20,8577324194;3,904761905;15,14285714;0,0080676899;0,0155798344;;2,7647058824;61,1176470588;12,5;116;2;146,5
Padualaan;1;13;14;2,8239197726;220,3835878696;1,952380952;160;0,002109162;0,1646171182;;0,5882352941;568,9411764706;0;2275,5;4,5;359
Heidelberglaan;1;13;14;1,5807347721;206,8063846294;0,571428571;150,1428571;0,0011806375;0,1544755279;;0,4705882353;340,5294117647;0;1265,5;3,5;250,5
UMC;1;13;14;0;247,8003556397;0;179,9047619;0;0,1850962716;;0,3529411765;151,5882352941;0;549;2,5;161
WKZ;1;13;14;0;247,8003556397;0;179,9047619;0;0,1850962716;;0;37,8823529412;0;133,5;0;73,5
P+R Uithof;1;13;14;0;247,8003556397;0;179,9047619;0;0,1850962716;;0;0,8823529412;0;3,5;0;0,5
Centraal Station Centrumzijde;1;14;15;1187,8834727001;0;441,6666667;0;0,8872202028;0;;1176,1176470588;0;4061,5;0;1066;0
Vaartscherijn;1;14;15;97,4640779196;89,5100543513;36,23809524;65,80952381;0,0727951024;0,0668601838;;137,4705882353;102,0588235294;478;147;161;147,5
Galgenwaard;1;14;15;34,964117307;31,9308659928;13;23,47619048;0,026114406;0,0238509918;;21,1176470588;75,7647058824;90;152,5;13;114
Kromme Rijn;1;14;15;11,6547057681;51,6204872019;4,333333333;37,95238095;0,008704802;0,038558297;;2,7647058824;61,1176470588;12,5;116;2;146,5
Padualaan;1;14;15;3,8095462699;151,8821110817;2,095238095;111,6666667;0,0028453182;0,1134494437;;0,5882352941;568,9411764706;0;2275,5;4,5;359
Heidelberglaan;1;14;15;1,2807368972;263,4134523203;0,476190476;193,6666667;0,0009565716;0,1967585873;;0,4705882353;340,5294117647;0;1265,5;3,5;250,5
UMC;1;14;15;0;250,1359116448;0;183,9047619;0;0,1868408321;;0,3529411765;151,5882352941;0;549;2,5;161
WKZ;1;14;15;0;250,1359116448;0;183,9047619;0;0,1868408321;;0;37,8823529412;0;133,5;0;73,5
P+R Uithof;1;14;15;0;250,1359116448;0;183,9047619;0;0,1868408321;;0;0,8823529412;0;3,5;0;0,5
Centraal Station Centrumzijde;1;15;16;1127,7405158433;0;238,5714286;0;0,8422999328;0;;1176,1176470588;0;4061,5;0;1066;0
Vaartscherijn;1;15;16;123,3536532377;126,4358568754;26,0952381;66,19047619;0,092131809;0,0944421797;;137,4705882353;102,0588235294;478;147;161;147,5
Galgenwaard;1;15;16;35,5654693586;48,6641607475;7,523809524;25,47619048;0,0265635508;0,0363500476;;21,1176470588;75,7647058824;90;152,5;13;114
Kromme Rijn;1;15;16;40,2925254124;14,0080014087;8,523809524;7,333333333;0,0300941493;0,0104633782;;2,7647058824;61,1176470588;12,5;116;2;146,5
Padualaan;1;15;16;5,5017538021;125,4352853535;2,142857143;65,66666667;0,0041092138;0,0936947955;;0,5882352941;568,9411764706;0;2275,5;4,5;359
Heidelberglaan;1;15;16;1,8007832588;146,6292095537;0,380952381;76,76190476;0,0013449899;0,1095257508;;0,4705882353;340,5294117647;0;1265,5;3,5;250,5
UMC;1;15;16;0;292,5307306479;0;153,1428571;0;0,2185079494;;0,3529411765;151,5882352941;0;549;2,5;161
WKZ;1;15;16;0;292,5307306479;0;153,1428571;0;0,2185079494;;0;37,8823529412;0;133,5;0;73,5
P+R Uithof;1;15;16;0;292,5307306479;0;153,1428571;0;0,2185079494;;0;0,8823529412;0;3,5;0;0,5
Centraal Station Centrumzijde;1;16;17;1080,3916792652;0;238,2380952;0;0,8069354838;0;;1176,1176470588;0;4061,5;0;1066;0
Vaartscherijn;1;16;17;128,7054649057;111,3702304382;28,38095238;63,95238095;0,0961290323;0,0831888008;;137,4705882353;102,0588235294;478;147;161;147,5
Galgenwaard;1;16;17;54,850986745;59,2924160624;12,0952381;34,04761905;0,040967742;0,0442888999;;21,1176470588;75,7647058824;90;152,5;13;114
Kromme Rijn;1;16;17;56,3626280963;18,8243055186;12,42857143;10,80952381;0,0420967742;0,0140609514;;2,7647058824;61,1176470588;12,5;116;2;146,5
Padualaan;1;16;17;9,7001716063;108,6336573919;3,571428571;62,38095238;0,0072449768;0,0811446977;;0,5882352941;568,9411764706;0;2275,5;4,5;359
Heidelberglaan;1;16;17;2,3754364338;135,5847556068;0,523809524;77,85714286;0,0017741935;0,1012760159;;0,4705882353;340,5294117647;0;1265,5;3,5;250,5
UMC;1;16;17;0;301,6864469548;0;173,2380952;0;0,2253468781;;0,3529411765;151,5882352941;0;549;2,5;161
WKZ;1;16;17;0;301,6864469548;0;173,2380952;0;0,2253468781;;0;37,8823529412;0;133,5;0;73,5
P+R Uithof;1;16;17;0;301,6864469548;0;173,2380952;0;0,2253468781;;0;0,8823529412;0;3,5;0;0,5
Centraal Station Centrumzijde;1;17;18;1131,7262885362;0;197,7142857;0;0,8452768729;0;;1176,1176470588;0;4061,5;0;1066;0
Vaartscherijn;1;17;18;110,1198026606;174,0481204305;19,23809524;66,61904762;0,082247557;0,130006505;;137,4705882353;102,0588235294;478;147;161;147,5
Galgenwaard;1;17;18;50,4261472557;84,5980856952;8,80952381;32,38095238;0,0376628665;0,0631911533;;21,1176470588;75,7647058824;90;152,5;13;114
Kromme Rijn;1;17;18;36,7974588087;27,4943778418;6,428571429;10,52380952;0,0274837134;0,0205371248;;2,7647058824;61,1176470588;12,5;116;2;146,5
Padualaan;1;17;18;6,104326835;83,8516320128;1,571428571;32,0952381;0,0045592705;0,0626335843;;0,5882352941;568,9411764706;0;2275,5;4,5;359
Heidelberglaan;1;17;18;0,8177213076;159,6166822921;0,142857143;61,0952381;0,0006107492;0,1192268377;;0,4705882353;340,5294117647;0;1265,5;3,5;250,5
UMC;1;17;18;0;269,7186025367;0;103,2380952;0;0,201468265;;0,3529411765;151,5882352941;0;549;2,5;161
WKZ;1;17;18;0;269,7186025367;0;103,2380952;0;0,201468265;;0;37,8823529412;0;133,5;0;73,5
P+R Uithof;1;17;18;0;269,7186025367;0;103,2380952;0;0,201468265;;0;0,8823529412;0;3,5;0;0,5
Centraal Station Centrumzijde;1;18;19;1161,5965509244;0;110,7619048;0;0,8675867214;0;;1176,1176470588;0;4061,5;0;1066;0
Vaartscherijn;1;18;19;134,8370888699;342,2171864443;12,85714286;47,0952381;0,1007086908;0,2556216077;;137,4705882353;102,0588235294;478;147;161;147,5
Galgenwaard;1;18;19;28,9650042703;149,4821279259;2,761904762;20,57142857;0,0216337188;0,1116567589;;21,1176470588;75,7647058824;90;152,5;13;114
Kromme Rijn;1;18;19;11,4861223802;54,6717042003;1,095238095;7,523809524;0,0085788885;0,0408374257;;2,7647058824;61,1176470588;12,5;116;2;146,5
Padualaan;1;18;19;0,6106646975;79,2393687094;0,095238095;10,9047619;0,0004561003;0,0591884208;;0,5882352941;568,9411764706;0;2275,5;4,5;359
Heidelberglaan;1;18;19;0,9987932482;248,0988095401;0,095238095;34,14285714;0,0007459903;0,1853192039;;0,4705882353;340,5294117647;0;1265,5;3,5;250,5
UMC;1;18;19;0;155,0185030208;0;21,33333333;0;0,1157921944;;0,3529411765;151,5882352941;0;549;2,5;161
WKZ;1;18;19;0;155,0185030208;0;21,33333333;0;0,1157921944;;0;37,8823529412;0;133,5;0;73,5
P+R Uithof;1;18;19;0;155,0185030208;0;21,33333333;0;0,1157921944;;0;0,8823529412;0;3,5;0;0,5
Centraal Station Centrumzijde;1;19;20;1233,8861705923;0;81,14285714;0;0,921579232;0;;1176,1176470588;0;4061,5;0;1066;0
Vaartscherijn;1;19;20;79,652276272;521,1899355939;5,238095238;44,38095238;0,0594916171;0,3893065998;;137,4705882353;102,0588235294;478;147;161;147,5
Galgenwaard;1;19;20;20,2751248645;139,2449506405;1,333333333;11,85714286;0,0151433207;0,1040100251;;21,1176470588;75,7647058824;90;152,5;13;114
Kromme Rijn;1;19;20;3,620558011;54,2440169025;0,238095238;4,619047619;0,0027041644;0,0405179616;;2,7647058824;61,1176470588;12,5;116;2;146,5
Padualaan;1;19;20;0;43,6189001868;0;3,714285714;0;0,0325814536;;0,5882352941;568,9411764706;0;2275,5;4,5;359
Heidelberglaan;1;19;20;1,4482232014;239,9039510625;0,095238095;20,42857143;0,0010816658;0,179197995;;0,4705882353;340,5294117647;0;1265,5;3,5;250,5
UMC;1;19;20;0;113,5209838321;0;9,666666667;0;0,0847953216;;0,3529411765;151,5882352941;0;549;2,5;161
WKZ;1;19;20;0;113,5209838321;0;9,666666667;0;0,0847953216;;0;37,8823529412;0;133,5;0;73,5
P+R Uithof;1;19;20;0;113,5209838321;0;9,666666667;0;0,0847953216;;0;0,8823529412;0;3,5;0;0,5
Centraal Station Centrumzijde;1;20;21;1166,2870922523;0;43,76190476;0;0,8710900474;0;;1176,1176470588;0;4061,5;0;1066;0
Vaartscherijn;1;20;21;118,0247003207;541,7140657222;4,428571429;25,76190476;0,0881516588;0,4046372476;;137,4705882353;102,0588235294;478;147;161;147,5
Galgenwaard;1;20;21;50,7633119673;100,1319899765;1,904761905;4,761904762;0,0379146919;0,0747943156;;21,1176470588;75,7647058824;90;152,5;13;114
Kromme Rijn;1;20;21;3,8072484009;67,0884332729;0,142857143;3,19047619;0,0028436019;0,0501121915;;2,7647058824;61,1176470588;12,5;116;2;146,5
Padualaan;1;20;21;0;30,0395970014;0;1,428571429;0;0,0224382947;;0,5882352941;568,9411764706;0;2275,5;4,5;359
Heidelberglaan;1;20;21;0;302,3986097031;0;14,38095238;0;0,2258788332;;0,4705882353;340,5294117647;0;1265,5;3,5;250,5
UMC;1;20;21;0;99,1306700688;0;4,714285714;0;0,0740463725;;0,3529411765;151,5882352941;0;549;2,5;161
WKZ;1;20;21;0;99,1306700688;0;4,714285714;0;0,0740463725;;0;37,8823529412;0;133,5;0;73,5
P+R Uithof;1;20;21;0;99,1306700688;0;4,714285714;0;0,0740463725;;0;0,8823529412;0;3,5;0;0,5
Centraal Station Centrumzijde;1;21;22;1194,7873910585;0;9,476190476;0;0,8923766815;0;;1176,1176470588;0;4061,5;0;1066;0
Vaartscherijn;1;21;22;96,0633078377;627,8344828094;0,761904762;6,476190476;0,0717488789;0,4689655173;;137,4705882353;102,0588235294;478;147;161;147,5
Galgenwaard;1;21;22;36,0237404707;124,6436105891;0,285714286;1,285714286;0,0269058296;0,0931034483;;21,1176470588;75,7647058824;90;152,5;13;114
Kromme Rijn;1;21;22;6,0039567871;32,3150101132;0,047619048;0,333333333;0,004484305;0,024137931;;2,7647058824;61,1176470588;12,5;116;2;146,5
Padualaan;1;21;22;6,0039567871;18,465720037;0,047619048;0,19047619;0,004484305;0,0137931034;;0,5882352941;568,9411764706;0;2275,5;4,5;359
Heidelberglaan;1;21;22;0;216,9722109681;0;2,238095238;0;0,1620689655;;0,4705882353;340,5294117647;0;1265,5;3,5;250,5
UMC;1;21;22;0;106,1778904552;0;1,095238095;0;0,0793103448;;0,3529411765;151,5882352941;0;549;2,5;161
WKZ;1;21;22;0;106,1778904552;0;1,095238095;0;0,0793103448;;0;37,8823529412;0;133,5;0;73,5
P+R Uithof;1;21;22;0;106,1778904552;0;1,095238095;0;0,0793103448;;0;0,8823529412;0;3,5;0;0,5
